{"cameraMode":{"drawMode":0,"name":"Shaded","section":"Shading Mode"},"sceneLighting":false,"audioPlay":false,"sceneViewState":{"m_AlwaysRefresh":false,"showFog":true,"showSkybox":false,"showFlares":true,"showImageEffects":true,"showParticleSystems":true,"showVisualEffectGraphs":true,"m_FxEnabled":true},"in2DMode":false,"pivot":{"x":-1.9205162525177003,"y":1.6990207433700562,"z":-8.590804100036621},"rotation":{"x":0.004200889728963375,"y":0.994107186794281,"z":0.04177694395184517,"w":-0.09994827210903168},"size":6.113558769226074,"orthographic":false}