{"cameraMode":{"drawMode":0,"name":"Shaded","section":"Shading Mode"},"sceneLighting":true,"audioPlay":false,"sceneViewState":{"m_AlwaysRefresh":false,"showFog":true,"showSkybox":true,"showFlares":true,"showImageEffects":true,"showParticleSystems":true,"showVisualEffectGraphs":true,"m_FxEnabled":true},"in2DMode":false,"pivot":{"x":53.423248291015628,"y":5.699726104736328,"z":3.460585832595825},"rotation":{"x":0.4221287667751312,"y":0.029884962365031244,"z":-0.013320053927600384,"w":0.9062552452087402},"size":2.0357580184936525,"orthographic":false}