{"cameraMode":{"drawMode":0,"name":"Shaded","section":"Shading Mode"},"sceneLighting":true,"audioPlay":false,"sceneViewState":{"m_AlwaysRefresh":false,"showFog":true,"showSkybox":true,"showFlares":true,"showImageEffects":true,"showParticleSystems":true,"showVisualEffectGraphs":true,"m_FxEnabled":true},"in2DMode":false,"pivot":{"x":5.783485412597656,"y":7.888424873352051,"z":-2.609156370162964},"rotation":{"x":0.32402101159095766,"y":-0.04114219546318054,"z":0.014090162701904774,"w":0.9450200200080872},"size":3.2660250663757326,"orthographic":false}