{"cameraMode":{"drawMode":0,"name":"Shaded","section":"Shading Mode"},"sceneLighting":true,"audioPlay":false,"sceneViewState":{"m_AlwaysRefresh":false,"showFog":true,"showSkybox":true,"showFlares":true,"showImageEffects":true,"showParticleSystems":true,"showVisualEffectGraphs":true,"m_FxEnabled":true},"in2DMode":false,"pivot":{"x":26.15131378173828,"y":-4.236329078674316,"z":41.07169723510742},"rotation":{"x":0.12352948635816574,"y":-0.031473707407712939,"z":0.0045348419807851318,"w":0.9921165108680725},"size":27.94516944885254,"orthographic":false}