{"cameraMode":{"drawMode":0,"name":"Shaded","section":"Shading Mode"},"sceneLighting":true,"audioPlay":false,"sceneViewState":{"m_AlwaysRefresh":false,"showFog":true,"showSkybox":true,"showFlares":true,"showImageEffects":true,"showParticleSystems":true,"showVisualEffectGraphs":true,"m_FxEnabled":true},"in2DMode":false,"pivot":{"x":3.309037446975708,"y":1.1030950546264649,"z":6.9679999351501469},"rotation":{"x":-0.3884846568107605,"y":0.0036069827619940044,"z":-0.0014923239359632135,"w":-0.9214271306991577},"size":7.678141117095947,"orthographic":false}