{"cameraMode":{"drawMode":0,"name":"Shaded","section":"Shading Mode"},"sceneLighting":true,"audioPlay":false,"sceneViewState":{"m_AlwaysRefresh":false,"showFog":true,"showSkybox":true,"showFlares":true,"showImageEffects":true,"showParticleSystems":true,"showVisualEffectGraphs":true,"m_FxEnabled":true},"in2DMode":false,"pivot":{"x":26.084117889404298,"y":1.4104130268096924,"z":-8.787047386169434},"rotation":{"x":0.2028815597295761,"y":0.15639880299568177,"z":-0.03284834325313568,"w":0.9660648107528687},"size":6.0073957443237309,"orthographic":false}