{"cameraMode":{"drawMode":0,"name":"Shaded","section":"Shading Mode"},"sceneLighting":true,"audioPlay":false,"sceneViewState":{"m_AlwaysRefresh":false,"showFog":true,"showSkybox":true,"showFlares":true,"showImageEffects":true,"showParticleSystems":true,"showVisualEffectGraphs":true,"m_FxEnabled":true},"in2DMode":false,"pivot":{"x":10.600259780883789,"y":-4.383975505828857,"z":8.435951232910157},"rotation":{"x":-0.3508654236793518,"y":-0.0033527815248817207,"z":0.0013024918735027314,"w":-0.9364117383956909},"size":10.839741706848145,"orthographic":false}