{"cameraMode":{"drawMode":0,"name":"Shaded","section":"Shading Mode"},"sceneLighting":true,"audioPlay":false,"sceneViewState":{"m_AlwaysRefresh":false,"showFog":true,"showSkybox":true,"showFlares":true,"showImageEffects":true,"showParticleSystems":true,"showVisualEffectGraphs":true,"m_FxEnabled":true},"in2DMode":false,"pivot":{"x":2005.884521484375,"y":987.9878540039063,"z":4373.80908203125},"rotation":{"x":0.0014989420305937529,"y":-0.0344930924475193,"z":0.000051782575610559434,"w":0.9994004368782044},"size":3636.75830078125,"orthographic":false}