{"cameraMode":{"drawMode":0,"name":"Shaded","section":"Shading Mode"},"sceneLighting":true,"audioPlay":false,"sceneViewState":{"m_AlwaysRefresh":false,"showFog":true,"showSkybox":true,"showFlares":true,"showImageEffects":true,"showParticleSystems":true,"showVisualEffectGraphs":true,"m_FxEnabled":true},"in2DMode":false,"pivot":{"x":4.599544048309326,"y":0.5871012806892395,"z":-0.6378799676895142},"rotation":{"x":-0.043218329548835757,"y":-0.10976722091436386,"z":0.004813818261027336,"w":-0.9929844737052918},"size":0.8888790011405945,"orthographic":false}