{"cameraMode":{"drawMode":0,"name":"Shaded","section":"Shading Mode"},"sceneLighting":true,"audioPlay":false,"sceneViewState":{"m_AlwaysRefresh":false,"showFog":true,"showSkybox":true,"showFlares":true,"showImageEffects":true,"showParticleSystems":true,"showVisualEffectGraphs":true,"m_FxEnabled":true},"in2DMode":false,"pivot":{"x":30.428878784179689,"y":-1.0578956604003907,"z":3.517524480819702},"rotation":{"x":0.5680013298988342,"y":0.004974429961293936,"z":-0.00285075674764812,"w":0.8233460783958435},"size":7.1357598304748539,"orthographic":false}