{"cameraMode":{"drawMode":0,"name":"Shaded","section":"Shading Mode"},"sceneLighting":true,"audioPlay":false,"sceneViewState":{"m_AlwaysRefresh":false,"showFog":true,"showSkybox":true,"showFlares":true,"showImageEffects":true,"showParticleSystems":true,"showVisualEffectGraphs":true,"m_FxEnabled":true},"in2DMode":false,"pivot":{"x":57.047298431396487,"y":3.1518352031707765,"z":6.410641193389893},"rotation":{"x":-0.3746092915534973,"y":0.006395574193447828,"z":-0.0025950446724891664,"w":-0.9271283149719238},"size":2.058246374130249,"orthographic":false}