{"cameraMode":{"drawMode":0,"name":"Shaded","section":"Shading Mode"},"sceneLighting":true,"audioPlay":false,"sceneViewState":{"m_AlwaysRefresh":false,"showFog":true,"showSkybox":true,"showFlares":true,"showImageEffects":true,"showParticleSystems":true,"showVisualEffectGraphs":true,"m_FxEnabled":true},"in2DMode":false,"pivot":{"x":-17.55669403076172,"y":-640.1088256835938,"z":392.2019958496094},"rotation":{"x":-0.49192193150520327,"y":0.022994179278612138,"z":-0.012968986295163632,"w":-0.8702223300933838},"size":378.56292724609377,"orthographic":false}