{"cameraMode":{"drawMode":0,"name":"Shaded","section":"Shading Mode"},"sceneLighting":true,"audioPlay":false,"sceneViewState":{"m_AlwaysRefresh":false,"showFog":true,"showSkybox":true,"showFlares":true,"showImageEffects":true,"showParticleSystems":true,"showVisualEffectGraphs":true,"m_FxEnabled":true},"in2DMode":false,"pivot":{"x":10.983174324035645,"y":-3.7574782371520998,"z":16.083311080932618},"rotation":{"x":-0.18787308037281037,"y":-0.002052784664556384,"z":0.0004304660833440721,"w":-0.9821736812591553},"size":10.89807415008545,"orthographic":false}