{"cameraMode":{"drawMode":0,"name":"Shaded","section":"Shading Mode"},"sceneLighting":true,"audioPlay":false,"sceneViewState":{"m_AlwaysRefresh":false,"showFog":true,"showSkybox":true,"showFlares":true,"showImageEffects":true,"showParticleSystems":true,"showVisualEffectGraphs":true,"m_FxEnabled":true},"in2DMode":false,"pivot":{"x":1.2877941131591797,"y":1.7633181810379029,"z":-0.05979090929031372},"rotation":{"x":-0.28351888060569765,"y":0.5836091041564941,"z":-0.22791211307048798,"w":-0.7259981036186218},"size":5.668380260467529,"orthographic":true}