{"cameraMode":{"drawMode":0,"name":"Shaded","section":"Shading Mode"},"sceneLighting":true,"audioPlay":false,"sceneViewState":{"m_AlwaysRefresh":false,"showFog":true,"showSkybox":true,"showFlares":true,"showImageEffects":true,"showParticleSystems":true,"showVisualEffectGraphs":true,"m_FxEnabled":true},"in2DMode":false,"pivot":{"x":3.5887768268585207,"y":1.5882893800735474,"z":22.357826232910158},"rotation":{"x":0.0883784070611,"y":0.0015061594313010574,"z":-0.00002084739571728278,"w":0.9960485100746155},"size":7.688989162445068,"orthographic":false}