{"cameraMode":{"drawMode":0,"name":"Shaded","section":"Shading Mode"},"sceneLighting":true,"audioPlay":false,"sceneViewState":{"m_AlwaysRefresh":false,"showFog":true,"showSkybox":true,"showFlares":true,"showImageEffects":true,"showParticleSystems":true,"showVisualEffectGraphs":true,"m_FxEnabled":true},"in2DMode":false,"pivot":{"x":11.212839126586914,"y":4.964221000671387,"z":9.447080612182618},"rotation":{"x":0.2840321958065033,"y":-0.002875176491215825,"z":0.0008533395011909306,"w":0.9588038921356201},"size":6.0073957443237309,"orthographic":false}